City_ID,City,Country,Lat,Lng,Max Temp,Humidity,Cloudiness,Wind Speed,Current Description
0,Surab,PK,28.4914,66.2585,93.99,2,0,18.63,clear sky
1,Forestville,US,38.8451,-76.875,71.49,81,1,1.01,clear sky
2,Narsaq,GL,60.9167,-46.05,40.23,75,79,3.51,broken clouds
3,East London,ZA,-33.0153,27.9116,70.74,60,0,4.61,clear sky
4,Huarmey,PE,-10.0681,-78.1522,65.14,86,16,2.13,few clouds
5,Port Alfred,ZA,-33.5906,26.891,67.62,69,94,6.96,overcast clouds
6,Tasiilaq,GL,65.6145,-37.6368,35.17,79,66,1.43,broken clouds
7,Nanortalik,GL,60.1432,-45.2371,36.77,86,99,6.76,overcast clouds
8,Jamestown,US,42.097,-79.2353,65.01,90,1,1.99,clear sky
9,Harper,LR,4.375,-7.7169,81.64,78,65,7.61,light rain
10,Sinnamary,GF,5.3833,-52.95,81.12,79,57,4.63,broken clouds
11,Eidfjord,NO,60.4675,7.0719,62.6,91,100,6.96,overcast clouds
12,Gewane,ET,10.1664,40.6453,102.9,16,99,1.77,overcast clouds
13,Lebu,CL,-37.6167,-73.65,44.46,73,44,18.39,scattered clouds
14,Ushuaia,AR,-54.8,-68.3,37.06,81,75,27.63,light intensity drizzle
15,Axim,GH,4.8699,-2.2405,83.28,72,95,6.69,overcast clouds
16,Sawakin,SD,19.1059,37.3321,100.33,40,37,13.62,scattered clouds
17,Vestmannaeyjar,IS,63.4427,-20.2734,43.79,87,90,18.41,light intensity drizzle
18,Ribeira Grande,PT,38.5167,-28.7,70.2,83,20,4.61,few clouds
19,Oeiras,BR,-7.0253,-42.1311,83.39,48,39,10.25,scattered clouds
20,Hermanus,ZA,-34.4187,19.2345,67.8,65,3,3.78,clear sky
21,Marzuq,YE,14.4,46.4667,96.31,7,84,9.78,broken clouds
22,Quimper,FR,48.0,-4.1,80.67,53,0,4.61,clear sky
23,Clyde River,CA,70.4692,-68.5914,30.43,93,90,5.75,mist
24,Cape Town,ZA,-33.9258,18.4232,66.11,73,0,8.05,clear sky
25,Olafsvik,IS,64.8945,-23.7142,41.27,63,87,21.74,overcast clouds
26,Gravdal,NO,68.1214,13.5031,49.68,71,75,9.22,broken clouds
27,Longyearbyen,SJ,78.2186,15.6401,31.84,86,75,2.3,light rain and snow
28,Saldanha,ZA,-33.0117,17.9442,64.45,67,16,4.23,few clouds
29,Saint-Philippe,RE,-21.3585,55.7679,78.39,68,77,16.22,broken clouds
30,Torbay,CA,47.6666,-52.7314,51.76,86,90,14.97,overcast clouds
31,Punta Arenas,CL,-53.15,-70.9167,35.71,87,0,5.75,clear sky
32,Itaqui,BR,-29.1253,-56.5531,56.71,78,0,4.16,clear sky
33,Whitley Bay,GB,55.0397,-1.4471,65.01,60,20,5.01,few clouds
34,Georgetown,MY,5.4112,100.3354,85.98,76,20,5.01,moderate rain
35,Qaanaaq,GL,77.484,-69.3632,33.53,80,15,3.0,few clouds
36,Puerto Rico,AR,-26.796,-55.024,57.04,80,3,2.64,clear sky
37,Necochea,AR,-38.5473,-58.7368,49.03,67,100,14.7,overcast clouds
38,Ancud,CL,-41.8697,-73.8203,34.43,80,1,9.35,clear sky
39,Riyadh,SA,24.6877,46.7219,105.94,7,0,21.85,clear sky
40,Makhalino,RU,53.0854,46.2211,66.74,81,100,10.22,overcast clouds
41,Nantucket,US,41.2835,-70.0995,67.08,89,54,13.33,broken clouds
42,Faya,SA,18.3851,42.4509,86.11,7,25,11.99,scattered clouds
43,Sarkand,KZ,45.41,79.9186,68.67,33,8,7.7,clear sky
44,Buenos Aires,AR,-34.6132,-58.3772,56.79,86,0,5.75,clear sky
45,Saint-Augustin,CA,51.226,-58.6502,50.43,68,47,6.44,scattered clouds
46,Shar,KZ,49.5886,81.0453,70.14,52,68,10.98,broken clouds
47,Mar Del Plata,AR,-38.0023,-57.5575,55.09,79,90,1.99,overcast clouds
48,Puri,IN,19.8,85.85,83.37,77,96,17.87,moderate rain
49,Acari,PE,-15.4311,-74.6158,66.72,62,27,1.45,scattered clouds
50,Hare Bay,CA,48.8499,-54.0148,45.75,74,95,4.97,overcast clouds
51,Nizwa,OM,22.9333,57.5333,113.18,7,34,18.75,scattered clouds
52,Iqaluit,CA,63.7506,-68.5145,33.53,93,90,4.0,light snow
53,Saint George,US,37.1041,-113.5841,79.39,18,1,1.99,clear sky
54,Farafangana,MG,-22.8167,47.8333,69.17,86,99,2.8,overcast clouds
55,Vila Velha,BR,-20.3297,-40.2925,69.67,69,25,10.63,scattered clouds
56,Hamilton,US,39.1834,-84.5333,69.03,89,0,3.13,clear sky
57,Sumbe,AO,-11.2061,13.8437,83.16,55,100,9.1,overcast clouds
58,Hazebrouck,FR,50.7237,2.5373,83.44,44,3,5.17,clear sky
59,Jodhpur,IN,26.2867,73.03,103.21,26,0,11.52,clear sky
60,Mantena,BR,-18.7817,-40.9803,70.54,66,71,3.47,broken clouds
61,Busselton,AU,-33.65,115.3333,48.09,54,93,17.78,overcast clouds
62,Nioro,GM,13.35,-15.75,92.7,42,42,9.66,scattered clouds
63,Krasnoshchekovo,RU,51.6708,82.7289,64.62,78,57,6.87,broken clouds
64,Liverpool,GB,53.4106,-2.9779,66.78,69,75,5.01,broken clouds
65,Sao Joao Da Barra,BR,-21.6403,-41.0511,68.0,68,39,8.61,scattered clouds
66,Lagoa,PT,39.05,-27.9833,67.6,76,6,3.2,clear sky
67,Zhezkazgan,KZ,47.8043,67.7144,78.87,33,42,18.34,scattered clouds
68,Otjimbingwe,NA,-22.35,16.1333,79.43,15,0,8.03,clear sky
69,Andenes,NO,69.3143,16.1194,48.18,61,40,13.8,scattered clouds
70,Chirilagua,SV,13.2203,-88.1386,71.4,97,100,2.95,overcast clouds
71,Ilulissat,GL,69.2167,-51.1,36.7,79,97,5.88,overcast clouds
72,Arinos,BR,-15.9169,-46.1056,68.41,71,99,3.22,overcast clouds
73,Kontagora,NG,10.3999,5.4695,96.91,37,25,3.42,scattered clouds
74,Tucuman,AR,-26.8241,-65.2226,48.2,87,0,6.91,clear sky
75,Carhuaz,PE,-9.2819,-77.6447,56.21,83,87,0.74,overcast clouds
76,Monrovia,LR,6.3005,-10.7969,76.77,74,100,8.01,light rain
77,Senanga,ZM,-16.1167,23.2667,80.42,14,22,6.76,few clouds
78,Mahebourg,MU,-20.4081,57.7,77.29,73,40,12.66,scattered clouds
79,Bilma,NE,18.6853,12.9164,104.14,9,16,10.2,few clouds
80,Marawi,PH,7.9986,124.2928,76.64,92,84,2.21,broken clouds
81,Sept-Iles,CA,50.2001,-66.3821,54.25,65,75,5.01,broken clouds
82,Presidencia Roque Saenz Pena,AR,-26.7852,-60.4388,55.83,58,0,4.16,clear sky
83,Bandarbeyla,SO,9.4942,50.8122,89.89,50,83,28.63,broken clouds
84,Shu,KZ,43.5983,73.7614,81.14,13,0,21.81,clear sky
85,Agirish,RU,61.9247,63.0231,79.03,38,86,11.41,overcast clouds
86,Luderitz,NA,-26.6481,15.1594,72.79,49,52,7.4,broken clouds
87,Buraydah,SA,26.326,43.975,106.25,7,0,9.4,clear sky
88,Rovaniemi,FI,66.5,25.7167,58.41,58,40,12.66,scattered clouds
89,Gazanjyk,TM,39.2446,55.5154,95.4,29,0,12.3,clear sky
90,Dmanisi,GE,41.5251,44.3472,81.34,46,6,5.12,clear sky
91,Ambo,PE,-10.1308,-76.2047,58.14,83,46,2.35,scattered clouds
92,Korla,CN,41.7597,86.1469,69.87,40,100,23.0,overcast clouds
93,Muzaffarabad,PK,34.37,73.4711,84.04,48,39,7.23,scattered clouds
94,Ghanzi,BW,-21.5667,21.7833,75.27,18,0,8.19,clear sky
95,Dikson,RU,73.5069,80.5464,36.79,91,63,9.91,broken clouds
96,Bambous Virieux,MU,-20.3428,57.7575,77.25,73,40,12.66,scattered clouds
97,Viedma,AR,-40.8135,-62.9967,45.19,61,9,14.2,clear sky
98,Isiro,CD,2.7739,27.616,86.25,44,96,2.35,overcast clouds
99,Port Elizabeth,ZA,-33.918,25.5701,70.11,66,60,4.56,broken clouds
100,Saint Anthony,US,45.0205,-93.218,65.97,83,1,0.0,clear sky
101,Sao Filipe,CV,14.8961,-24.4956,76.59,70,86,12.62,overcast clouds
102,Los Llanos De Aridane,ES,28.6585,-17.9182,69.55,73,75,12.66,broken clouds
103,Murmino,RU,54.6036,40.0544,77.65,57,47,4.65,scattered clouds
104,Klaksvik,FO,62.2266,-6.589,50.92,88,27,14.23,scattered clouds
105,Chuy,UY,-33.6971,-53.4616,54.34,82,0,6.11,clear sky
106,Nobres,BR,-14.7203,-56.3275,74.91,58,29,1.45,scattered clouds
107,Nicoya,CR,10.1483,-85.452,74.7,92,100,3.33,overcast clouds
108,Nouadhibou,MR,20.931,-17.0347,76.98,61,24,17.27,sand
109,Anloga,GH,5.7947,0.8973,88.02,70,77,13.15,broken clouds
110,Saint-Pierre,RE,-21.3393,55.4781,78.48,65,0,5.75,clear sky
111,Raduzhnyy,RU,62.0961,77.475,81.48,30,76,12.19,broken clouds
112,Tallahassee,US,30.4383,-84.2807,74.64,97,30,1.01,scattered clouds
113,San Rafael,AR,-34.6177,-68.3301,47.16,54,44,9.28,scattered clouds
114,Kamina,CD,-8.7386,24.9906,85.41,19,56,4.34,broken clouds
115,Cockburn Town,TC,21.4612,-71.1419,80.26,80,7,21.05,clear sky
116,Yaritagua,VE,10.08,-69.1261,81.66,77,84,2.68,broken clouds
117,Kralendijk,BQ,12.15,-68.2667,80.58,78,90,14.97,overcast clouds
118,Butembo,CD,0.15,29.2833,69.21,69,100,1.5,light rain
119,Akureyri,IS,65.6835,-18.0878,37.33,75,75,4.61,broken clouds
120,Coracora,PE,-15.0333,-73.7833,45.16,56,40,4.05,scattered clouds
121,Beloha,MG,-25.1667,45.05,76.21,49,0,12.21,clear sky
122,Maniitsoq,GL,65.4167,-52.9,39.7,78,59,11.68,broken clouds
123,Taguatinga,BR,-12.3857,-46.5711,82.56,46,54,10.69,broken clouds
124,Belmonte,BR,-15.8631,-38.8828,72.1,79,37,10.45,scattered clouds
125,Kavaratti,IN,10.5669,72.642,83.57,77,94,22.88,overcast clouds
126,Sao Jose Do Belmonte,BR,-7.8614,-38.7597,75.43,64,98,10.29,overcast clouds
127,Aksarka,RU,66.5606,67.7975,78.13,36,96,5.84,overcast clouds
128,Santona,ES,43.4439,-3.4576,86.31,73,6,8.32,clear sky
129,Jalu,LY,29.0331,21.5482,89.31,21,0,10.8,clear sky
130,Richards Bay,ZA,-28.783,32.0377,74.48,70,6,11.05,clear sky
131,Felipe Carrillo Puerto,MX,19.5833,-88.05,74.03,98,100,2.48,overcast clouds
132,Arraial Do Cabo,BR,-22.9661,-42.0278,67.86,77,75,3.44,broken clouds
133,Soyo,AO,-6.1349,12.3689,81.82,68,98,8.84,overcast clouds
134,Ajdabiya,LY,30.7554,20.2263,80.92,44,0,15.79,clear sky
135,Cabo Rojo,PR,18.0866,-67.1457,83.89,77,100,1.01,overcast clouds
136,Calabozo,VE,8.9242,-67.4293,78.51,73,26,5.17,scattered clouds
137,Kulhudhuffushi,MV,6.6221,73.07,83.28,77,100,17.6,overcast clouds
138,Kudahuvadhoo,MV,2.6708,72.8944,83.46,72,58,10.8,broken clouds
139,Henties Bay,NA,-22.116,14.2845,78.85,36,0,7.05,clear sky
140,Ponta Do Sol,PT,32.6667,-17.1,74.03,75,46,1.9,scattered clouds
141,Puerto Del Rosario,ES,28.5004,-13.8627,74.95,64,40,17.27,scattered clouds
142,Rondonopolis,BR,-16.4708,-54.6356,75.52,50,3,3.38,clear sky
143,Presidente Prudente,BR,-22.1256,-51.3889,54.95,82,0,6.91,clear sky
144,Hithadhoo,MV,-0.6,73.0833,82.98,73,63,9.24,broken clouds
145,Laguna,US,38.421,-121.4238,66.02,89,1,3.89,clear sky
146,Caravelas,BR,-17.7125,-39.2481,75.45,66,91,10.8,overcast clouds
147,Husavik,IS,66.0449,-17.3389,37.31,73,100,11.48,overcast clouds
148,Micomeseng,GQ,2.1462,10.6164,81.77,74,94,0.89,moderate rain
149,Boueni,YT,-12.9025,45.0761,82.38,70,41,16.26,scattered clouds
150,Thinadhoo,MV,0.5333,72.9333,83.46,72,84,8.37,broken clouds
151,Upernavik,GL,72.7868,-56.1549,34.32,84,100,5.48,overcast clouds
152,Raudeberg,NO,61.9875,5.1352,53.38,87,100,19.39,overcast clouds
153,Souillac,MU,-20.5167,57.5167,77.38,73,40,12.66,scattered clouds
154,Berlevag,NO,70.8578,29.0864,51.6,66,65,15.68,broken clouds
155,Ostrovnoy,RU,68.0531,39.5131,60.28,47,78,6.96,broken clouds
156,Touros,BR,-5.1989,-35.4608,82.27,66,42,10.47,scattered clouds
157,Tambura,SS,5.6,27.4667,89.49,44,96,6.35,overcast clouds
158,Sao Luis Do Quitunde,BR,-9.3183,-35.5611,72.84,81,73,6.55,broken clouds
159,Bongandanga,CD,1.5,21.05,95.79,34,100,1.83,overcast clouds
160,Paysandu,UY,-32.3214,-58.0756,52.61,83,3,4.92,clear sky
161,Atar,MR,20.5169,-13.0499,106.99,9,14,26.96,few clouds
162,Jizan,SA,17.3333,42.6667,99.54,25,55,20.51,broken clouds
163,Cuamba,MZ,-14.8031,36.5372,79.97,32,5,7.27,clear sky
164,Mogadishu,SO,2.0371,45.3438,84.07,61,20,17.27,few clouds
165,Bismil,TR,37.8486,40.6658,96.91,12,0,14.72,clear sky
166,Vila Franca Do Campo,PT,37.7167,-25.4333,72.01,66,8,4.79,clear sky
167,Rusape,ZW,-18.5278,32.1284,70.93,24,0,6.31,clear sky
168,Roald,NO,62.5833,6.1333,57.11,82,75,16.11,light intensity drizzle
169,Sao Miguel,BR,-5.4667,-35.3667,79.12,69,32,11.48,scattered clouds
170,Abha,SA,18.2164,42.5053,85.82,5,31,17.27,dust
171,Odweyne,SO,9.4092,45.064,89.13,26,100,18.19,overcast clouds
172,Rio Brilhante,BR,-21.8019,-54.5464,61.9,63,0,5.64,clear sky
173,Blagoyevo,RU,63.3667,47.9167,78.76,39,62,10.69,broken clouds
174,Mwense,ZM,-10.3845,28.698,85.15,19,73,3.51,broken clouds
175,Abu Kamal,SY,34.4506,40.9171,101.05,10,0,2.95,clear sky
176,Olinda,BR,-8.0089,-34.8553,74.93,78,75,9.22,broken clouds
177,Sayyan,YE,15.1718,44.3244,79.86,7,92,10.27,overcast clouds
178,Lima,PE,-12.0432,-77.0282,61.05,82,40,6.91,scattered clouds
179,Annau,TM,37.8876,58.516,94.5,28,75,13.8,broken clouds
180,Falmouth,GB,50.1544,-5.0711,71.78,92,75,5.01,haze
181,Port Hawkesbury,CA,45.6169,-61.3485,55.9,74,1,4.0,clear sky
182,Constanta,RO,44.1833,28.65,70.7,52,32,15.35,scattered clouds
183,Veraval,IN,20.9,70.3667,87.1,73,4,16.71,clear sky
184,Antalaha,MG,-14.9003,50.2788,78.33,71,16,6.15,few clouds
185,Lyuban,BY,52.7985,28.0048,66.2,74,98,4.7,overcast clouds
186,Victoria,HK,22.2855,114.1577,87.33,81,63,1.01,broken clouds
187,Kruisfontein,ZA,-34.0033,24.7314,67.89,50,54,6.91,broken clouds
188,Losal,IN,27.4,74.9167,94.35,36,58,8.5,broken clouds
189,Niksar,TR,40.5917,36.9517,77.22,61,15,11.07,few clouds
190,Jeremie,HT,18.65,-74.1167,80.83,73,93,1.92,overcast clouds
191,Santa Flavia,IT,38.085,13.5351,87.24,36,0,5.99,clear sky
192,Peniche,PT,39.3558,-9.3811,83.73,73,11,7.02,few clouds
193,Mayumba,GA,-3.432,10.6554,80.47,75,100,8.66,overcast clouds
194,San Cristobal,VE,7.7669,-72.225,73.58,84,99,3.76,overcast clouds
195,Kosh-Agach,RU,50.0,88.6667,55.26,41,85,10.0,overcast clouds
196,Loum,CM,4.7182,9.7351,87.55,61,94,6.11,light rain
197,Leh,IN,34.1667,77.5833,61.45,25,88,7.45,overcast clouds
198,Winsum,NL,53.33,6.5208,79.99,63,17,12.82,few clouds
199,Bredasdorp,ZA,-34.5322,20.0403,67.32,56,5,5.75,clear sky
200,Chateauroux,FR,46.8167,1.7,84.2,34,0,5.75,clear sky
201,Fredericton,CA,45.9454,-66.6656,56.44,82,20,1.01,few clouds
202,Puerto Narino,CO,-3.7703,-70.3831,71.55,90,77,1.1,broken clouds
203,Umm Kaddadah,SD,13.6017,26.6876,103.17,13,85,13.13,overcast clouds
204,Wilmington,US,34.2257,-77.9447,71.85,88,100,1.01,overcast clouds
205,Santa Rosa,PH,14.3122,121.1114,85.1,76,66,8.99,broken clouds
206,Barao De Melgaco,BR,-16.1944,-55.9675,76.06,57,3,1.34,clear sky
207,La Montanita,CO,1.4766,-75.4398,69.12,94,99,0.94,overcast clouds
208,Muli,MV,2.9167,73.5667,83.39,73,51,11.92,broken clouds
209,Puerto Quijarro,BO,-17.7833,-57.7667,70.56,61,0,1.61,clear sky
210,Praia Da Vitoria,PT,38.7333,-27.0667,72.75,78,20,4.03,few clouds
211,Maues,BR,-3.3836,-57.7186,79.25,80,92,1.39,overcast clouds
212,Belchatow,PL,51.3688,19.3567,72.1,50,1,7.81,clear sky
213,Panormos,GR,35.4182,24.6909,76.86,68,5,9.31,clear sky
214,Mumford,GH,5.2618,-0.759,84.78,68,53,11.52,broken clouds
215,Namibe,AO,-15.1961,12.1522,95.63,43,0,11.5,clear sky
216,Sao Felix Do Xingu,BR,-6.6447,-51.995,80.29,60,8,1.63,clear sky
217,Shirdi,IN,19.7667,74.4833,89.76,47,87,20.42,overcast clouds
218,Hargeysa,SO,9.56,44.065,89.04,23,100,16.62,overcast clouds
219,Ustyuzhna,RU,58.8394,36.4321,70.29,58,84,9.71,broken clouds
220,Varhaug,NO,58.6147,5.6457,54.95,86,100,18.9,overcast clouds
221,Sudzha,RU,51.1976,35.2726,76.3,60,64,4.09,broken clouds
222,Zabol,AF,32.25,67.25,92.19,4,0,15.57,clear sky
223,Bathsheba,BB,13.2167,-59.5167,81.21,65,40,18.41,scattered clouds
224,Tocopilla,CL,-22.092,-70.1979,64.17,60,56,2.3,broken clouds
225,Mahibadhoo,MV,3.7833,72.9667,83.03,75,58,13.51,broken clouds
226,George Town,MY,5.4112,100.3354,85.98,76,20,5.01,moderate rain
227,Rio Gallegos,AR,-51.6226,-69.2181,35.65,80,0,18.41,clear sky
228,Nuuk,GL,64.1835,-51.7216,40.87,75,29,5.01,scattered clouds
229,San Ramon De La Nueva Oran,AR,-23.1322,-64.326,56.37,67,2,1.34,clear sky
230,Jardim,BR,-21.4803,-56.1381,63.3,63,0,3.09,clear sky
231,Suez,EG,29.9737,32.5263,90.86,22,0,11.48,clear sky
232,Arbazh,RU,57.6804,48.3065,72.19,76,46,9.44,scattered clouds
233,Taltal,CL,-25.4,-70.4833,59.04,73,43,3.31,scattered clouds
234,Ferme-Neuve,CA,46.7001,-75.4493,56.98,97,86,3.29,overcast clouds
235,Adrar,MR,20.5022,-10.0711,107.51,7,49,22.37,scattered clouds
236,Mulchen,CL,-37.7167,-72.2333,38.95,87,75,7.74,broken clouds
237,Clonakilty,IE,51.6231,-8.8706,67.08,68,100,6.96,overcast clouds
238,Aksarayskiy,RU,46.7924,48.0119,82.35,60,100,15.55,overcast clouds
239,Shahr-E Babak,IR,30.1165,55.1186,97.59,6,0,7.61,clear sky
240,Bayburt,TR,40.2589,40.2278,76.73,23,1,19.26,clear sky
241,Saquarema,BR,-22.92,-42.5103,68.04,63,49,1.57,scattered clouds
242,Vardo,NO,70.3705,31.1107,51.55,87,75,6.91,broken clouds
243,Stromness,GB,58.965,-3.296,57.45,83,67,28.77,broken clouds
244,Tonj,SS,7.2737,28.6822,84.88,55,95,1.86,overcast clouds
245,Maraa,BR,-1.8333,-65.3667,72.9,97,83,0.67,broken clouds
246,Vagur,FO,61.4732,-6.8119,47.3,91,43,21.92,scattered clouds
247,Itarema,BR,-2.9248,-39.9167,81.77,73,64,14.05,broken clouds
248,Bahia Honda,CU,22.9036,-83.1592,76.6,85,100,2.73,overcast clouds
249,Imbituva,BR,-25.23,-50.6044,50.95,75,4,2.66,clear sky
250,Hobyo,SO,5.3505,48.5268,82.65,67,100,28.95,overcast clouds
251,Rocha,UY,-34.4833,-54.3333,54.23,80,37,5.41,scattered clouds
252,Mattawa,US,46.7379,-119.9028,65.1,67,68,8.01,broken clouds
253,Muyezerskiy,RU,63.9333,31.65,64.92,41,99,14.45,overcast clouds
254,Codrington,AU,-38.2667,141.9667,48.67,79,100,7.36,overcast clouds
255,Saint-Ambroise,CA,48.5501,-71.3324,58.59,51,75,5.75,light rain
256,Hohr-Grenzhausen,DE,50.4333,7.6667,82.44,45,7,3.09,clear sky
257,Balkanabat,TM,39.5108,54.3671,93.74,32,0,13.24,clear sky
258,Dulce Nombre De Culmi,HN,15.1,-85.5333,79.03,98,97,0.51,overcast clouds
259,Bronnoysund,NO,65.4625,12.1997,55.4,82,40,14.97,scattered clouds
260,Ponta Delgada,PT,37.7333,-25.6667,72.32,68,20,8.05,few clouds
261,Bereda,ES,43.2686,-7.5406,81.14,60,13,4.38,few clouds
262,Mahon,ES,39.8885,4.2658,82.96,57,20,10.36,few clouds
263,Rio Grande,BR,-32.035,-52.0986,57.29,74,0,5.55,clear sky
264,Chilca,PE,-12.5211,-76.7372,62.76,87,19,3.53,few clouds
265,Murillo,CO,4.8739,-75.1715,45.09,93,81,1.1,light rain
266,Gadsden,US,34.0143,-86.0066,74.68,99,1,6.91,mist
267,Gunjur,GM,13.2019,-16.7339,82.47,74,75,5.75,broken clouds
268,Sargatskoye,RU,55.6101,73.4972,79.88,47,71,4.34,broken clouds
269,Illela,NG,13.7292,5.2975,104.4,20,1,3.96,clear sky
270,Praia,CV,14.9215,-23.5087,81.14,61,75,11.5,broken clouds
271,Algiers,DZ,36.7525,3.042,80.42,61,75,9.22,broken clouds
272,Terrace Bay,CA,48.7834,-87.1,47.82,96,78,2.13,broken clouds
273,Kanniyakumari,IN,8.0833,77.5667,82.31,74,100,22.64,overcast clouds
274,Krasnotorka,UA,48.682,37.5327,79.21,48,95,2.91,overcast clouds
275,Margate,GB,51.3813,1.3862,80.46,56,26,2.53,scattered clouds
276,Lasa,IT,46.6166,10.7002,82.02,34,5,4.12,clear sky
277,Shiggaon,IN,15.0,75.2333,77.5,90,100,15.77,overcast clouds
278,Gandai,IN,21.6667,81.1,93.79,42,92,11.54,overcast clouds
279,Rawson,AR,-43.3002,-65.1023,40.86,71,16,18.14,few clouds
280,Muros,ES,42.7762,-9.0603,86.09,46,17,6.96,few clouds
281,Qarayeri,AZ,40.7886,46.3066,88.68,37,20,13.8,few clouds
282,Mehamn,NO,71.0357,27.8492,45.86,66,56,21.45,broken clouds
283,Ginda,IN,30.6945,78.4932,76.48,51,42,1.59,scattered clouds
284,Kumluca,TR,36.3703,30.2869,77.47,61,8,14.09,clear sky
285,Seydi,TM,39.4816,62.9137,94.5,5,15,19.37,few clouds
286,Pervomaysk,UA,48.0443,30.8507,66.94,74,98,1.3,overcast clouds
287,Rio Branco Do Sul,BR,-25.19,-49.3142,49.24,98,13,1.36,few clouds
288,Pisco,PE,-13.7,-76.2167,56.01,82,6,2.3,clear sky
289,Bonito,BR,-21.1211,-56.4819,62.64,66,0,1.7,clear sky
290,Yekaterinovka,RU,52.0508,44.3451,71.37,70,100,7.14,overcast clouds
291,Aksu,CN,41.1231,80.2644,81.66,13,27,16.64,scattered clouds
292,San Joaquin,US,37.9333,-121.3011,65.68,86,1,3.53,clear sky
293,Savannah Bight,HN,16.45,-85.85,81.0,80,100,20.56,overcast clouds
294,Matara,LK,5.9485,80.5353,81.95,79,93,13.89,overcast clouds
295,Shahrud,IR,36.4182,54.9763,83.93,36,0,18.54,clear sky
296,Shetpe,KZ,44.1667,52.1167,94.14,22,56,14.88,broken clouds
297,Rosario Do Sul,BR,-30.2583,-54.9142,56.16,77,0,2.8,clear sky
298,Sistranda,NO,63.7256,8.834,53.91,90,100,13.02,overcast clouds
299,Umarkot,PK,25.3616,69.7362,104.43,31,0,17.56,clear sky
300,Nezhinka,RU,51.7676,55.3694,93.36,15,0,15.66,clear sky
301,Vikulovo,RU,56.8167,70.6107,79.3,48,50,9.31,scattered clouds
302,Belleville,CA,44.1788,-77.3705,67.51,84,75,2.3,broken clouds
303,Muisne,EC,0.6,-80.0333,75.92,87,100,9.69,overcast clouds
304,Gobindpur,IN,22.6333,86.0667,81.88,85,93,8.43,light rain
305,Awjilah,LY,29.1081,21.2869,89.15,22,0,11.25,clear sky
306,Proletarskiy,RU,50.7914,35.7731,68.09,61,78,3.76,broken clouds
307,Zambezi,ZM,-13.5432,23.1047,81.12,15,87,4.61,overcast clouds
308,Thompson,CA,55.7435,-97.8558,46.56,93,90,2.3,overcast clouds
309,Gayny,RU,60.3071,54.3241,76.08,54,96,9.84,overcast clouds
310,Kant,IN,27.8,79.8,91.42,48,80,15.77,broken clouds
311,Itaberaba,BR,-12.5275,-40.3069,75.79,57,87,6.96,overcast clouds
312,Kalmunai,LK,7.4167,81.8167,87.49,56,88,6.64,overcast clouds
313,Grindavik,IS,63.8424,-22.4338,46.56,61,20,20.71,few clouds
314,Diffa,NE,13.3154,12.6113,105.12,19,2,5.77,clear sky
315,Yugorsk,RU,61.3133,63.3319,78.49,37,97,7.58,overcast clouds
316,Parana,AR,-31.732,-60.5238,55.54,90,0,3.33,clear sky
317,Maku,IR,39.2911,44.4521,86.02,14,0,8.25,clear sky
318,Kochi,IN,9.9399,76.2602,78.78,79,100,14.14,overcast clouds
319,Santa Cruz,BO,-17.8,-63.1667,60.85,88,1,8.05,clear sky
320,Killybegs,IE,54.6333,-8.45,56.44,70,100,17.78,overcast clouds
321,Chadiza,ZM,-14.0678,32.4392,75.33,28,27,7.29,scattered clouds
322,Mangan,IN,27.5167,88.5333,79.93,95,96,2.17,overcast clouds
323,Dolores,AR,-36.3132,-57.6792,50.76,87,30,9.35,scattered clouds
324,Cidreira,BR,-30.1811,-50.2056,59.36,69,0,6.24,clear sky
325,Hofn,IS,64.2539,-15.2082,42.82,52,90,16.11,overcast clouds
326,Natal,BR,-5.795,-35.2094,79.02,69,40,8.05,scattered clouds
327,Gat,IL,31.61,34.7642,83.79,41,0,16.8,clear sky
328,Carnarvon,AU,-24.8667,113.6333,62.67,60,0,9.22,clear sky
329,Farap,TM,39.1704,63.6116,95.0,6,0,20.71,clear sky
330,Nurota,UZ,40.5614,65.6886,89.69,7,0,22.73,clear sky
331,Ville-Marie,CA,47.3335,-79.433,57.2,94,67,6.42,broken clouds
332,Yalutorovsk,RU,56.6536,66.3006,82.38,38,15,8.23,few clouds
333,Yar-Sale,RU,66.8333,70.8333,77.27,31,17,4.79,few clouds
334,Dongobesh,TZ,-4.0667,35.3833,73.49,39,87,1.61,overcast clouds
335,Velyka Pysarivka,UA,50.4259,35.485,76.95,57,24,3.56,few clouds
336,Lokhvytsya,UA,50.3678,33.2602,76.59,59,5,6.69,moderate rain
337,Domoni,KM,-12.2569,44.5319,78.44,66,60,11.14,broken clouds
338,Cubuk,TR,40.2386,33.0322,71.06,53,75,2.3,broken clouds
339,Virginia Beach,US,36.8529,-75.978,74.03,86,1,0.0,clear sky
340,Nalut,LY,30.3333,10.85,92.68,11,0,12.06,clear sky
341,Mitsamiouli,KM,-11.3847,43.2844,78.26,63,5,13.47,clear sky
342,Sanchursk,RU,56.9413,47.2499,74.32,67,45,5.44,scattered clouds
343,Chicama,PE,-7.8447,-79.1469,65.28,88,19,3.0,few clouds
344,Sorland,NO,67.667,12.6934,48.27,79,95,5.37,overcast clouds
345,Skjervoy,NO,70.0311,20.9714,50.0,73,96,5.95,overcast clouds
346,Hauterive,FR,46.0901,3.4459,86.02,47,4,4.88,clear sky
347,Zaranj,AF,30.9667,61.8833,114.76,4,0,13.96,clear sky
348,Ust-Koksa,RU,50.2696,85.6108,61.45,55,71,5.66,broken clouds
349,Havelock,US,34.8791,-76.9013,74.05,95,100,3.0,overcast clouds
350,Methoni,GR,36.8197,21.7049,79.21,60,0,21.45,clear sky
351,Vangaindrano,MG,-23.35,47.6,72.12,79,80,1.5,broken clouds
352,Maldonado,UY,-34.6667,-54.9167,60.19,81,52,7.29,broken clouds
353,Ribas Do Rio Pardo,BR,-20.4431,-53.7592,64.67,53,0,6.15,clear sky
354,Tottenham,AU,-32.2333,147.35,49.91,76,18,6.98,few clouds
355,Kandry,RU,54.5667,54.1167,80.87,58,76,11.59,broken clouds
356,Jaciara,BR,-15.9653,-54.9683,74.68,55,2,1.88,clear sky
357,Natitingou,BJ,10.3042,1.3796,90.3,48,5,6.85,clear sky
358,Tahoua,NE,14.8888,5.2692,104.16,15,0,2.44,clear sky
359,Salalah,OM,17.0151,54.0924,88.59,71,33,15.99,scattered clouds
360,Pangnirtung,CA,66.1451,-65.7125,32.0,100,90,10.36,light snow
361,Neyvo-Shaytanskiy,RU,57.7286,61.2496,84.38,29,93,10.42,overcast clouds
362,Elati,GR,39.9801,21.8219,72.57,34,27,6.73,scattered clouds
363,Qandala,SO,11.472,49.8728,95.47,42,64,7.47,broken clouds
364,Somerset,US,40.5668,-74.5496,67.98,90,99,1.01,overcast clouds
365,Areia Branca,BR,-4.9561,-37.1369,83.41,56,26,11.99,scattered clouds
366,Khash,IR,28.2211,61.2158,102.74,5,1,19.89,clear sky
367,Aripuana,BR,-9.1667,-60.6333,77.22,63,51,1.45,broken clouds
368,Yuzhno-Sukhokumsk,RU,44.6581,45.6436,85.95,37,2,7.96,clear sky
369,Bosobolo,CD,4.1833,19.9,87.01,50,100,3.42,overcast clouds
370,Chimoio,MZ,-19.1164,33.4833,76.96,31,0,7.43,clear sky
371,Aden,YE,12.7794,45.0367,90.23,59,67,10.04,broken clouds
372,Kollam,IN,8.8833,76.6,84.07,80,92,13.47,overcast clouds
373,Kipushi,CD,-11.7667,27.2333,74.75,22,49,4.7,scattered clouds
374,Dobryatino,RU,55.5055,41.3195,79.32,43,23,5.37,few clouds
375,Miquelon,PM,47.0975,-56.3814,51.8,84,0,5.91,clear sky
376,Opuwo,NA,-18.0607,13.84,78.13,14,0,11.52,clear sky
377,Mount Pleasant,US,32.7941,-79.8626,75.18,95,90,1.99,overcast clouds
378,Zorritos,PE,-3.6805,-80.6782,70.3,84,33,1.03,scattered clouds
379,Sisimiut,GL,66.9395,-53.6735,39.22,78,99,8.25,overcast clouds
380,Akdepe,TM,42.0551,59.3788,95.0,7,10,15.03,clear sky
381,Barra Patuca,HN,15.8,-84.2833,78.6,85,93,6.78,overcast clouds
382,Castro,BR,-24.7911,-50.0119,48.72,82,12,3.85,few clouds
383,El Tigre,VE,8.8875,-64.2454,77.65,75,73,11.36,broken clouds
384,Port Blair,IN,11.6667,92.75,82.92,81,100,20.4,overcast clouds
385,Pointe-Noire,CG,-4.7761,11.8635,82.47,78,75,8.05,broken clouds
386,Pemba,MZ,-12.974,40.5178,78.17,59,3,15.19,clear sky
387,Charlestown,AU,-32.95,151.6667,56.41,69,21,1.01,few clouds
388,Goderich,CA,43.7501,-81.7165,59.56,94,92,3.44,overcast clouds
389,Talara,PE,-4.5772,-81.2719,66.38,90,23,7.61,few clouds
390,Skibbereen,IE,51.55,-9.2667,64.2,64,100,13.65,overcast clouds
391,Sibut,CF,5.718,19.0739,86.68,51,98,7.09,overcast clouds
392,Vazante,BR,-17.9869,-46.9078,68.92,56,4,5.55,clear sky
393,Dingle,PH,10.9995,122.6711,79.47,84,47,3.18,scattered clouds
394,Coquimbo,CL,-29.9533,-71.3436,51.53,81,90,3.44,overcast clouds
395,Solvychegodsk,RU,61.3305,46.9156,77.56,45,88,8.46,overcast clouds
396,Megion,RU,61.0296,76.1136,82.42,35,62,11.95,broken clouds
397,Nepa Nagar,IN,21.4667,76.4,94.28,45,87,10.18,overcast clouds
398,Ouesso,CG,1.6136,16.0517,94.12,38,71,0.76,broken clouds
399,Lisakovsk,KZ,52.5369,62.4936,85.06,24,30,7.31,scattered clouds
400,Ombessa,CM,4.603,11.2565,85.37,58,97,2.24,overcast clouds
401,Lethem,GY,3.3803,-59.7968,79.21,79,15,6.15,few clouds
402,Quelimane,MZ,-17.8786,36.8883,79.61,49,8,9.73,clear sky
403,Qaqortoq,GL,60.7167,-46.0333,39.25,79,98,5.82,overcast clouds
404,The Valley,AI,18.217,-63.0578,83.1,83,20,13.8,few clouds
405,Saint-Louis,SN,16.3333,-15.0,85.64,28,82,11.32,broken clouds
406,Yaya,RU,56.206,86.44,64.76,59,54,4.59,broken clouds
407,Yarim,YE,14.298,44.3779,77.11,10,98,2.59,overcast clouds
408,Antanifotsy,MG,-19.65,47.3167,57.15,92,100,2.98,light rain
409,Tabas,IR,33.5959,56.9244,112.37,6,0,5.7,clear sky
410,Quatre Cocos,MU,-20.2078,57.7625,77.11,59,53,13.31,broken clouds
411,Binga,ZW,-17.6203,27.3414,75.4,28,3,5.64,clear sky
412,Florianopolis,BR,-27.6146,-48.5012,59.63,94,0,9.22,clear sky
413,Mitu,CO,1.1983,-70.1733,71.76,98,79,1.45,broken clouds
414,Puerto Leguizamo,CO,-0.1934,-74.7819,70.2,99,95,0.65,overcast clouds
415,Maragogi,BR,-9.0122,-35.2225,79.54,76,78,7.29,broken clouds
416,Notse,TG,6.95,1.1667,92.7,46,63,6.4,broken clouds
417,Urucara,BR,-2.5364,-57.76,77.7,85,99,2.73,overcast clouds
418,Muravlenko,RU,63.7898,74.523,62.11,84,100,4.43,heavy intensity rain
419,Renukut,IN,24.2,83.0333,79.99,80,100,7.45,heavy intensity rain
420,Hambantota,LK,6.1241,81.1185,89.94,62,20,18.41,few clouds
421,Risor,NO,58.7206,9.2342,58.28,96,100,24.67,overcast clouds
422,Dondo,MZ,-19.6094,34.7431,78.31,50,3,8.21,clear sky
423,Ciudad Bolivar,VE,8.1222,-63.5497,78.67,78,96,7.23,overcast clouds
424,Kabo,CF,7.6994,18.629,97.39,32,76,3.33,broken clouds
425,Atuntaqui,EC,0.3333,-78.2167,55.22,84,76,1.66,broken clouds
426,Berezniki,RU,59.4152,56.8124,76.64,51,86,9.48,overcast clouds
427,Aranos,NA,-24.1333,19.1167,74.73,16,0,5.77,clear sky
428,Shelburne,CA,44.0787,-80.2041,60.67,76,99,11.41,overcast clouds
429,Mantua,IT,45.1667,10.7833,88.09,59,29,7.0,scattered clouds
430,Mega,ET,4.05,38.3,71.98,41,45,11.79,scattered clouds
431,Ilhabela,BR,-23.7781,-45.3581,67.05,68,25,2.91,scattered clouds
432,Westport,US,41.1415,-73.3579,66.2,91,90,1.01,light rain
433,Sao Raimundo Das Mangabeiras,BR,-7.0219,-45.4811,84.92,41,50,9.91,scattered clouds
434,Skelleftea,SE,64.7507,20.9528,66.99,46,0,3.0,clear sky
435,Kautokeino,NO,69.0125,23.0412,54.82,41,72,13.15,broken clouds
436,Gorgan,IR,36.8387,54.4348,87.76,48,40,13.8,scattered clouds
437,Srivardhan,IN,18.0333,73.0167,81.88,82,93,10.83,overcast clouds
438,Grand-Santi,GF,4.25,-54.3833,76.84,92,53,2.24,broken clouds
439,Kangaatsiaq,GL,68.3065,-53.4641,35.83,84,100,9.24,overcast clouds
440,Jibuti,DJ,11.5,42.5,103.66,12,100,2.44,overcast clouds
441,Zhob,PK,31.3411,69.4481,97.81,5,0,11.9,clear sky
442,Perehonivka,UA,48.5355,30.5192,65.84,84,96,5.19,overcast clouds
443,Valparaiso,CL,-33.0393,-71.6273,53.47,91,90,2.3,light intensity drizzle
444,Havre-Saint-Pierre,CA,50.2334,-63.5986,50.36,71,1,4.61,clear sky
445,Hvolsvollur,IS,63.7533,-20.2243,44.82,95,100,4.59,overcast clouds
446,Beyneu,KZ,45.3167,55.2,95.18,10,63,28.66,broken clouds
447,Medea,DZ,36.2642,2.7539,72.05,24,43,7.94,scattered clouds
448,Canutama,BR,-6.5339,-64.3831,74.91,75,55,0.47,broken clouds
449,Nchelenge,ZM,-9.3451,28.734,77.23,37,77,8.3,broken clouds
450,Kilindoni,TZ,-7.9139,39.6668,77.16,65,61,14.79,broken clouds
451,Umuarama,BR,-23.7664,-53.325,57.31,73,0,8.95,clear sky
452,Prijepolje,RS,43.3719,19.6406,57.52,50,73,9.89,broken clouds
453,Rocky Mount,US,35.9382,-77.7905,73.87,85,99,2.15,overcast clouds
454,Leo,BF,11.1,-2.1,94.78,39,57,8.19,broken clouds
455,Irece,BR,-11.3042,-41.8558,73.27,61,77,16.17,broken clouds
456,Arya,PK,33.6,73.0667,94.23,36,0,3.0,clear sky
457,Tete,MZ,-16.1564,33.5867,84.42,32,5,5.35,clear sky
458,Bosaso,SO,11.2842,49.1816,93.18,55,0,12.66,clear sky
459,Cap Malheureux,MU,-19.9842,57.6142,77.49,61,13,8.99,few clouds
460,Ouadda,CF,8.0777,22.4007,96.6,31,78,2.73,broken clouds
461,Santa Cruz Cabralia,BR,-16.2781,-39.0247,71.83,83,75,8.05,broken clouds
462,Yarada,IN,17.65,83.2667,88.12,66,75,9.22,broken clouds
463,Sernur,RU,56.9333,49.1536,75.76,59,69,9.22,broken clouds
464,Santa Isabel Do Rio Negro,BR,-0.4139,-65.0192,73.81,96,84,0.87,broken clouds
465,Kalabo,ZM,-14.97,22.6814,80.17,11,47,7.87,scattered clouds
466,Alegrete,BR,-29.7831,-55.7919,55.98,79,0,3.85,clear sky
467,Spring Hill,US,28.4769,-82.5255,81.82,75,99,5.88,overcast clouds
468,Morant Bay,JM,17.8815,-76.4093,82.02,86,98,11.18,overcast clouds
469,Cerro Azul,MX,21.2,-97.7333,72.18,92,98,4.07,overcast clouds
470,Bubaque,GW,11.2833,-15.8333,79.66,77,100,5.68,overcast clouds
471,Libreville,GA,0.3925,9.4537,87.82,62,40,5.75,scattered clouds
472,Kolpashevo,RU,58.3131,82.9089,73.49,43,13,4.14,few clouds
473,Aguimes,ES,27.9054,-15.4461,72.23,67,20,28.77,few clouds
474,Saint-Georges,GD,12.0564,-61.7485,80.28,83,75,20.71,broken clouds
475,Mezinovskiy,RU,55.5042,40.3593,79.99,43,21,4.9,few clouds
476,Cayenne,GF,4.9333,-52.3333,85.08,82,20,1.14,few clouds
477,Manoel Urbano,BR,-8.8389,-69.2597,69.31,80,66,0.92,broken clouds
478,Tripoli,LY,32.8752,13.1875,79.75,46,0,8.95,clear sky
479,Turukhansk,RU,65.8167,87.9833,66.97,49,69,5.46,broken clouds
480,Camocim,BR,-2.9022,-40.8411,80.96,76,56,11.97,broken clouds
481,Thanesar,IN,29.9833,76.8167,106.93,16,11,12.33,few clouds
482,Segou,ML,13.4317,-6.2157,101.3,28,86,8.7,overcast clouds
483,Elista,RU,46.3078,44.2558,79.32,44,20,8.95,few clouds
484,Uruzgan,AF,32.8333,66.0,93.22,4,0,11.86,clear sky
485,Umm Lajj,SA,25.0213,37.2685,86.52,62,3,14.85,clear sky
486,Loanda,AO,-8.8368,13.2343,84.2,70,20,8.05,few clouds
487,Akcakoca,TR,41.0866,31.1162,63.18,83,100,2.68,moderate rain
488,Nevsehir,TR,38.9167,34.6667,78.01,24,40,14.97,scattered clouds
489,Kushmurun,KZ,52.4503,64.6311,84.38,26,56,5.48,broken clouds
490,Eidsvag,NO,62.7767,8.0668,56.05,91,100,6.51,overcast clouds
491,Lieksa,FI,63.3167,30.0167,61.54,47,98,7.92,overcast clouds
492,Linda,US,39.1277,-121.5508,67.95,84,0,6.96,clear sky
493,Robertsport,LR,6.7533,-11.3686,82.13,73,100,8.9,overcast clouds
494,Starozhilovo,RU,54.2254,39.916,77.13,60,54,3.27,broken clouds
495,Abapo,BO,-18.8333,-63.4667,52.63,61,1,1.99,clear sky
496,Mokolo,CM,10.7398,13.8019,94.14,26,65,6.26,broken clouds
497,Haywards Heath,GB,50.9977,-0.1031,82.18,46,20,4.61,few clouds
498,Ornskoldsvik,SE,63.2909,18.7153,66.02,63,40,11.5,scattered clouds
499,Bondoukou,CI,8.0333,-2.8,85.98,59,75,7.38,broken clouds
500,Kisangani,CD,0.5167,25.2,79.16,83,90,4.61,overcast clouds
501,Tarumovka,RU,44.0761,46.5361,86.36,38,6,7.96,clear sky
502,Naryan-Mar,RU,67.6713,53.087,72.21,55,85,16.51,overcast clouds
503,Ailigandi,PA,9.2333,-78.0167,77.45,89,96,4.45,overcast clouds
504,Neder Vindinge,DK,55.0321,11.8836,70.18,72,5,14.9,clear sky
505,Grand Gaube,MU,-20.0064,57.6608,77.4,61,14,8.99,few clouds
506,San Pedro Del Parana,PY,-26.8333,-56.2,58.26,83,0,4.83,clear sky
507,Bom Jesus,BR,-9.0744,-44.3586,83.91,48,40,7.74,scattered clouds
508,Ibipeba,BR,-11.6408,-42.0111,72.7,65,88,11.32,overcast clouds
509,Ostrovskoye,RU,57.8057,42.2433,73.94,54,26,6.46,scattered clouds
510,Biltine,TD,14.5333,20.9167,106.16,11,54,2.51,broken clouds
511,Elat,IL,29.5581,34.9482,93.04,27,0,16.11,clear sky
512,Bengkulu,ID,-3.8004,102.2655,79.2,83,88,2.84,moderate rain
513,Cerro De Pasco,PE,-10.6833,-76.2667,33.28,84,43,2.06,scattered clouds
514,Weligama,LK,5.9667,80.4167,81.91,80,93,14.14,overcast clouds
515,Puerto Plata,DO,19.7934,-70.6884,81.16,100,20,0.0,few clouds
516,Kaoma,ZM,-14.7833,24.8,80.49,14,54,6.64,broken clouds
517,Hauknes,NO,66.2833,14.0667,52.34,83,75,2.3,broken clouds
518,Howard,US,39.2504,-76.933,71.35,87,66,1.01,broken clouds
519,Walvis Bay,NA,-22.9575,14.5053,90.55,12,0,5.75,clear sky
520,Varnavino,RU,57.4035,45.0916,75.92,50,97,7.45,overcast clouds
521,Talnakh,RU,69.4865,88.3972,53.78,78,33,11.21,scattered clouds
522,Lubao,PH,14.9167,120.55,85.14,85,85,6.29,overcast clouds
523,Matagami,CA,49.7502,-77.6328,57.31,72,90,6.91,light rain
524,Nouakchott,MR,18.0858,-15.9785,85.93,60,34,6.24,scattered clouds
525,Zuwarah,LY,32.9312,12.082,80.71,44,0,10.42,clear sky
526,Pimentel,PE,-6.8367,-79.9342,64.96,90,26,5.01,scattered clouds
527,Hudiksvall,SE,61.729,17.1036,67.51,69,85,2.53,overcast clouds
528,Asilah,MA,35.465,-6.0348,76.86,76,91,9.98,overcast clouds
529,Houma,US,29.5958,-90.7195,75.99,95,72,1.99,broken clouds
530,Morondava,MG,-20.2833,44.2833,77.81,62,0,12.55,clear sky
531,Requena,ES,39.4883,-1.1004,88.0,21,0,5.48,clear sky
532,Jamame,SO,0.0722,42.7506,84.69,58,82,17.63,broken clouds
533,Aswan,EG,24.0934,32.907,103.78,11,2,21.63,clear sky
534,Marystown,CA,47.1666,-55.1483,52.86,100,1,6.26,clear sky
535,Asfi,MA,32.2994,-9.2372,70.5,74,53,15.48,broken clouds
536,Minsk,BY,53.9,27.5667,60.55,82,98,8.21,overcast clouds
537,Mecca,SA,21.4267,39.8261,104.59,20,18,16.42,few clouds
538,Locri,IT,38.2414,16.2623,84.11,52,5,6.98,clear sky
539,Anzio,IT,41.4853,12.6179,90.34,62,3,8.32,clear sky
540,Guane,CU,22.2025,-84.0875,78.26,86,90,5.12,overcast clouds
541,Igrim,RU,63.1906,64.4162,81.79,36,64,11.86,broken clouds
542,Bonthe,SL,7.5264,-12.505,82.87,74,100,10.74,light rain
543,Timmins,CA,48.4669,-81.3331,57.02,88,90,8.05,overcast clouds
544,Junin,AR,-34.5838,-60.9433,50.99,82,79,9.86,broken clouds
545,Kayes,ML,14.0,-11.0,95.72,35,99,9.66,overcast clouds
546,Amapa,BR,1.0,-52.0,76.42,89,53,0.85,broken clouds
547,Porto Novo,BJ,6.4965,2.6036,87.62,51,66,10.54,broken clouds
548,Malakal,SS,9.5334,31.6605,73.78,78,100,4.76,overcast clouds
549,Tabou,CI,4.423,-7.3528,81.97,78,81,7.31,light rain
550,Lokosovo,RU,61.1333,74.8167,83.41,30,42,10.33,scattered clouds
551,Mana,GF,5.6592,-53.7767,79.84,83,58,4.59,broken clouds
552,Porbandar,IN,21.6422,69.6093,88.38,66,17,16.55,few clouds
553,Mirabad,AF,30.4362,61.8383,113.4,5,0,14.67,clear sky
554,Dutse,NG,11.7594,9.3392,100.78,22,48,5.5,scattered clouds
555,Sankt Veit,DE,49.1,10.95,76.41,39,2,5.06,clear sky
556,Sananduva,BR,-27.9497,-51.8067,51.35,70,0,3.44,clear sky
557,Ambovombe,MG,-25.1667,46.0833,74.68,63,42,9.62,scattered clouds
558,Malkangiri,IN,18.35,81.9,79.16,86,100,5.97,overcast clouds
559,Chipoka,MW,-13.9933,34.5157,76.17,44,25,8.3,scattered clouds
560,Menongue,AO,-14.6585,17.691,78.24,14,43,7.25,scattered clouds
561,Talsi,LV,57.2456,22.5814,67.12,37,19,8.1,few clouds
562,Malanje,AO,-9.5402,16.341,79.18,53,75,6.91,broken clouds
563,Hammerfest,NO,70.6634,23.6821,46.85,66,75,10.36,light rain
564,Mudanya,TR,40.3753,28.8822,68.09,75,100,5.06,overcast clouds
565,Sharanga,RU,57.1775,46.5396,76.32,52,26,8.75,scattered clouds
566,Kirkland Lake,CA,48.1446,-80.0377,56.23,100,48,5.79,scattered clouds
567,Kremenki,RU,54.885,37.1261,79.7,50,26,5.1,scattered clouds
568,Selma,US,36.5708,-119.6121,66.6,80,1,5.75,clear sky
569,Marfino,RU,55.7028,37.3822,80.55,46,0,4.47,clear sky
570,Saint-Esteve,FR,42.7131,2.843,98.42,21,0,13.8,clear sky
571,Hryshkivtsi,UA,49.9353,28.6038,65.95,79,100,10.98,overcast clouds
572,Bafq,IR,31.6128,55.4107,109.42,5,0,11.81,clear sky
573,Vila Do Maio,CV,15.1333,-23.2167,81.39,86,52,18.5,broken clouds
574,Paamiut,GL,61.994,-49.6678,37.78,85,8,7.92,clear sky
575,Igunga,TZ,-4.2833,33.8833,87.1,27,95,4.25,overcast clouds
576,Ardabil,IR,38.2498,48.2933,72.95,60,20,19.57,few clouds
577,Padang,ID,-0.9492,100.3543,77.05,82,89,0.76,light rain
578,Coihaique,CL,-45.5752,-72.0662,33.75,86,20,4.61,few clouds
579,Reconquista,AR,-29.15,-59.65,48.22,93,0,4.61,mist
580,Gondar,ET,12.6,37.4667,71.56,44,92,11.25,light rain
581,Bolotnoye,RU,55.6717,84.3981,66.33,57,3,5.88,clear sky
582,Callaway,US,30.153,-85.5699,77.92,79,7,1.99,clear sky
583,Tornio,FI,65.8481,24.1466,55.42,77,95,17.29,overcast clouds
584,Plettenberg Bay,ZA,-34.0527,23.3716,63.82,66,46,6.76,scattered clouds
585,Kandri,IN,21.4167,79.2667,94.57,47,98,8.77,moderate rain
586,Geilo,NO,60.5333,8.2076,53.69,87,100,8.19,light rain
587,Maceio,BR,-9.6658,-35.7353,72.84,100,75,5.75,broken clouds
588,Puerto Carreno,CO,6.189,-67.4859,77.07,84,63,4.25,broken clouds
589,Harnosand,SE,62.6323,17.9379,66.22,63,82,10.38,broken clouds
590,Butia,BR,-30.1197,-51.9622,55.69,79,0,1.3,clear sky
591,Prudentopolis,BR,-25.2131,-50.9778,51.13,79,16,2.75,few clouds
592,Somerset East,ZA,-32.7217,25.588,65.82,46,100,5.41,overcast clouds
593,Oksfjord,NO,70.2396,22.3479,53.67,66,94,7.47,light rain
594,Strezhevoy,RU,60.7333,77.5889,82.38,32,64,8.5,broken clouds
595,Inhambane,MZ,-23.865,35.3833,75.88,52,0,6.17,clear sky
596,Oranjemund,NA,-28.55,16.4333,70.2,49,8,4.56,clear sky
597,Uvat,RU,59.1433,68.8953,84.13,29,87,9.95,overcast clouds
598,Vieux-Habitants,GP,16.0589,-61.7659,81.97,77,100,14.32,overcast clouds
599,Dareda,TZ,-4.2167,35.55,77.09,40,87,7.07,overcast clouds
600,Pozo Colorado,PY,-23.4923,-58.7972,61.11,67,0,4.9,clear sky
601,Mani,CO,4.8172,-72.2886,71.91,96,99,3.83,overcast clouds
602,Bensonville,LR,6.4461,-10.6125,76.55,72,98,6.51,light rain
603,Bajil,YE,15.0584,43.2851,104.94,22,100,14.72,overcast clouds
604,Inongo,CD,-1.95,18.2667,77.5,66,100,5.5,overcast clouds
605,Guca,RS,43.7767,20.2253,62.49,74,78,9.84,broken clouds
606,Bud,US,39.447,-86.1758,69.31,76,0,7.09,clear sky
607,Sur,OM,22.5667,59.5289,93.04,56,0,7.45,clear sky
608,Raga,SS,8.4596,25.678,94.46,35,100,4.52,overcast clouds
609,Saint-Joseph,RE,-21.3667,55.6167,77.38,67,64,11.68,broken clouds
610,Ilebo,CD,-4.3167,20.5833,95.72,20,100,3.44,overcast clouds
611,General Roca,AR,-39.0333,-67.5833,36.0,49,39,7.54,scattered clouds
612,Correntina,BR,-13.3433,-44.6367,76.37,55,32,7.96,scattered clouds
613,Ler,SS,8.3018,30.1418,77.68,80,100,5.77,moderate rain
614,Athy,IE,52.9914,-6.9803,63.93,67,100,10.16,overcast clouds
615,Haftoni,AZ,38.7632,48.7622,88.59,61,40,16.11,scattered clouds
616,Rorvik,NO,64.8621,11.2373,53.71,82,75,18.41,broken clouds
617,Kamenka,RU,51.3223,42.7678,74.23,64,99,5.91,overcast clouds
618,Le Port,RE,-20.9373,55.2919,78.8,69,47,9.53,scattered clouds
619,Parrita,CR,9.5201,-84.3225,78.57,84,100,6.44,overcast clouds
620,Kislovodsk,RU,43.9133,42.7208,71.24,76,45,11.36,scattered clouds
621,Vestmanna,FO,62.1564,-7.1664,49.12,93,90,16.11,overcast clouds
622,Angoche,MZ,-16.2325,39.9086,78.22,53,47,14.12,scattered clouds
623,Lucapa,AO,-8.4192,20.7447,89.67,16,88,3.65,overcast clouds
624,Taunsa,PK,30.7048,70.6505,104.14,27,0,5.12,clear sky
625,Mahanoro,MG,-19.9,48.8,68.13,95,100,11.14,light rain
626,Golden Gate,US,26.1879,-81.6951,81.99,97,100,9.26,overcast clouds
627,Johnson City,US,36.3134,-82.3535,73.8,78,90,0.0,overcast clouds
628,Neyshabur,IR,36.2133,58.7958,94.42,12,99,11.54,overcast clouds
629,Rotterdam,NL,51.9225,4.4792,83.89,41,6,8.05,clear sky
630,Eenhana,NA,-17.4667,16.3333,74.95,13,4,8.9,clear sky
631,Sokyryany,UA,48.4475,27.4168,55.89,95,100,10.83,overcast clouds
632,Changji,CN,44.0167,87.3167,74.19,27,20,4.47,few clouds
633,Dwarka,IN,22.2394,68.9678,87.73,67,89,18.75,overcast clouds
634,Muhororo,UG,0.9381,30.7594,78.15,52,100,4.29,overcast clouds
635,Coronel,CL,-37.0167,-73.1333,44.62,74,99,4.45,overcast clouds
636,Kuytun,RU,54.3419,101.5036,50.23,88,100,11.45,overcast clouds
637,Clarence Town,AU,-32.5833,151.7833,56.55,82,18,3.2,few clouds
638,Mahajanga,MG,-15.7167,46.3167,86.02,58,40,10.36,scattered clouds
639,Immokalee,US,26.4187,-81.4173,81.91,78,99,5.73,overcast clouds
640,Oistins,BB,13.0667,-59.5333,80.69,65,40,18.41,scattered clouds
641,Miraflores,MX,19.2167,-98.8083,57.87,94,100,2.24,overcast clouds
642,Asosa,ET,10.0667,34.5333,72.07,64,100,8.37,overcast clouds
643,La Asuncion,VE,11.0333,-63.8628,85.73,74,31,8.05,scattered clouds
644,Nagua,DO,19.3832,-69.8474,81.45,88,20,0.0,few clouds
645,Mustvee,EE,58.8486,26.9397,67.1,34,86,4.16,overcast clouds
646,Isla Mujeres,MX,21.2311,-86.731,77.16,81,100,11.59,overcast clouds
647,Muzhi,RU,65.3667,64.6667,76.73,47,87,8.57,overcast clouds
648,Nueva Helvecia,UY,-34.3,-57.2333,51.6,86,71,7.81,broken clouds
649,Bela,IN,25.9333,81.9833,78.73,87,100,10.51,heavy intensity rain
650,Tukrah,LY,32.5341,20.5791,77.92,55,0,12.39,clear sky
651,Englewood,US,39.6478,-104.9878,69.91,74,26,1.83,scattered clouds
652,Lovozero,RU,68.005,35.0117,60.6,38,100,15.08,overcast clouds
653,Saint-Francois,FR,46.4154,3.9054,85.68,44,0,3.44,clear sky
654,Tucurui,BR,-3.7661,-49.6725,73.85,96,99,3.47,overcast clouds
655,Javanrud,IR,34.7961,46.5172,92.84,6,0,12.95,clear sky
656,Pitimbu,BR,-7.4706,-34.8086,75.79,76,75,9.19,broken clouds
657,Findlay,US,41.0442,-83.6499,67.42,73,68,6.26,broken clouds
658,Oussouye,SN,12.485,-16.5469,91.58,57,96,9.28,overcast clouds
659,Goba,ET,7.0167,39.9833,65.17,53,98,6.58,light rain
660,Loiza,PR,18.4313,-65.8802,82.4,80,100,13.73,overcast clouds
661,Biskamzha,RU,53.4497,89.5272,52.21,95,100,2.68,light rain
662,Buzmeyin,TM,38.0507,58.2056,94.73,28,75,13.8,broken clouds
663,Remontnoye,RU,46.5614,43.6501,79.21,36,5,7.94,clear sky
664,Alta Floresta,BR,-9.8756,-56.0861,76.82,64,25,3.02,scattered clouds
665,Tiffin,US,41.1145,-83.178,69.62,78,57,5.99,broken clouds
666,Kinshasa,CD,-4.3246,15.3215,88.18,55,91,3.44,overcast clouds
667,Port Shepstone,ZA,-30.7414,30.455,69.94,74,53,13.78,broken clouds
668,Trincomalee,LK,8.5711,81.2335,87.17,62,97,19.8,overcast clouds
669,Nizhnyaya Tavda,RU,57.6731,66.1725,83.75,31,6,11.65,clear sky
670,Buta,CD,2.7858,24.73,92.62,39,100,2.8,overcast clouds
671,Boa Vista,BR,2.8197,-60.6733,76.98,88,75,4.61,broken clouds
672,Ivdel,RU,60.6911,60.4206,82.62,34,96,8.16,overcast clouds
673,Paragominas,BR,-2.9667,-47.4833,74.1,97,95,1.59,overcast clouds
674,Qiryat Gat,IL,31.61,34.7642,83.79,41,0,16.8,clear sky
675,Sidhi,IN,24.4167,81.8833,88.93,54,99,12.82,moderate rain
676,Kuybysheve,UA,47.358,36.6491,77.27,47,67,8.1,broken clouds
677,Eyl,SO,7.9803,49.8164,92.57,44,100,24.16,overcast clouds
678,Srikakulam,IN,18.3,83.9,86.16,65,100,7.2,overcast clouds
679,Hirtshals,DK,57.5881,9.9592,67.86,89,84,30.13,broken clouds
680,Balaghat,IN,21.8,80.1833,85.06,61,72,12.19,broken clouds
681,Okitipupa,NG,6.5047,4.7839,90.66,53,85,6.67,overcast clouds
682,Pokhara,NP,28.2333,83.9833,72.41,88,100,4.76,overcast clouds
683,Pestovo,RU,58.5938,35.8024,72.1,49,89,9.71,overcast clouds
684,Dossor,KZ,47.5272,52.9811,95.14,12,99,26.62,overcast clouds
685,Imbituba,BR,-28.24,-48.6703,58.89,67,0,7.72,clear sky
686,Sangmelima,CM,2.9333,11.9833,87.8,47,77,2.51,broken clouds
687,Kanashevo,RU,55.2169,62.0634,86.56,34,43,10.36,scattered clouds
688,Zamora,EC,-4.0692,-78.9567,65.01,96,79,1.57,broken clouds
689,Buchanan,LR,5.8808,-10.0467,76.96,73,84,6.73,light rain
690,Rabo De Peixe,PT,37.8,-25.5833,71.11,68,20,8.05,few clouds
691,Oxford,GB,51.7522,-1.256,81.48,55,20,1.01,few clouds
692,Chapais,CA,49.7834,-74.8492,58.78,68,89,2.53,overcast clouds
693,Teramo,IT,42.65,13.6833,78.01,42,20,8.99,few clouds
694,Obo,CF,5.3998,26.4869,82.94,61,100,5.73,overcast clouds
695,San Antonio,US,29.4241,-98.4936,78.04,83,8,3.0,clear sky
696,Bari Sadri,IN,24.4167,74.4667,97.14,23,4,13.71,clear sky
697,Arona,ES,28.0996,-16.681,72.12,60,20,7.0,few clouds
698,Tyup,KG,42.7276,78.3648,56.89,54,44,6.55,scattered clouds
699,Katete,UG,-0.7818,29.7544,82.71,37,100,6.44,overcast clouds
700,Marrakesh,MA,31.6315,-8.0083,80.67,47,0,5.75,clear sky
701,Iznik,TR,40.4286,29.7211,62.55,94,100,2.73,light rain
702,Nivala,FI,63.9167,24.9667,62.91,55,100,5.95,overcast clouds
703,Mandal,IN,25.45,74.5667,103.03,21,7,13.06,clear sky
704,Constitucion,CL,-35.3333,-72.4167,48.72,65,100,7.45,overcast clouds
705,Bethanien,NA,-26.502,17.1583,78.26,18,4,5.68,clear sky
706,Carutapera,BR,-1.195,-46.02,82.99,72,67,5.86,broken clouds
707,Tiznit,MA,29.5833,-9.5,76.55,48,40,9.01,scattered clouds
708,San Javier,ES,37.8063,-0.8374,93.63,51,0,8.01,clear sky
709,Remanso,BR,-9.6179,-42.0831,78.8,61,47,13.85,scattered clouds
710,Linhares,BR,-19.3911,-40.0722,71.6,64,30,9.26,scattered clouds
711,San Andres,CO,12.5847,-81.7006,75.22,94,90,2.3,light intensity drizzle
712,Poltavka,RU,54.3663,71.7632,78.21,41,81,1.52,broken clouds
713,Dedza,MW,-14.3779,34.3332,68.95,33,41,4.14,scattered clouds
714,Los Chiles,CR,11.0333,-84.7167,73.72,97,100,1.28,overcast clouds
715,Honningsvag,NO,70.9821,25.9704,43.93,71,43,24.76,scattered clouds
716,Mangrol,IN,21.1167,70.1167,87.33,72,12,16.84,few clouds
